City_ID,City,Country,Date,Lat,Lng,Max Temp,Humidity,Cloudiness,Wind Speed
0,Bluff,NZ,2022-11-08 17:33:53,-46.6,168.3333,51.31,88,60,13.35
1,Ushuaia,AR,2022-11-08 17:31:35,-54.8,-68.3,55.02,50,20,20.71
2,Severo-Kurilsk,RU,2022-11-08 17:33:20,50.6789,156.125,34.14,74,94,7.45
3,Hermanus,ZA,2022-11-08 17:33:53,-34.4187,19.2345,62.8,78,69,7.63
4,Beyneu,KZ,2022-11-08 17:33:53,45.3167,55.2,37.76,67,98,7.29
5,Petropavlovsk-Kamchatskiy,RU,2022-11-08 17:33:54,53.0452,158.6483,25.39,86,75,2.24
6,Mahebourg,MU,2022-11-08 17:31:49,-20.4081,57.7,75.49,73,20,5.75
7,New Norfolk,AU,2022-11-08 17:33:54,-42.7826,147.0587,56.71,61,91,1.7
8,Rikitea,PF,2022-11-08 17:32:59,-23.1203,-134.9692,74.93,90,64,15.59
9,Palasa,IN,2022-11-08 17:33:54,18.7667,84.4167,72.09,78,7,3.69
10,Aden,YE,2022-11-08 17:33:55,12.7794,45.0367,81.09,77,4,15.48
11,Qaanaaq,GL,2022-11-08 17:33:55,77.484,-69.3632,-7.19,72,70,7.56
12,Albany,US,2022-11-08 17:29:32,42.6001,-73.9662,51.93,32,3,1.99
13,Portland,US,2022-11-08 17:32:52,45.5234,-122.6762,48.49,87,75,8.99
14,Tiksi,RU,2022-11-08 17:33:55,71.6872,128.8694,-2.76,89,100,9.57
15,Torbay,CA,2022-11-08 17:30:36,47.6666,-52.7314,48.97,58,75,29.93
16,Ginda,IN,2022-11-08 17:33:56,30.6945,78.4932,48.72,67,65,5.73
17,Manggar,ID,2022-11-08 17:33:56,-2.8833,108.2667,77.56,84,94,2.93
18,Bredasdorp,ZA,2022-11-08 17:33:15,-34.5322,20.0403,61.86,73,69,8.88
19,Dikson,RU,2022-11-08 17:33:57,73.5069,80.5464,5.58,97,93,3.74
20,Port Alfred,ZA,2022-11-08 17:33:07,-33.5906,26.891,65.17,90,77,10.36
21,Punta Arenas,CL,2022-11-08 17:33:57,-53.15,-70.9167,57.31,41,40,23.02
22,Kodiak,US,2022-11-08 17:32:44,57.79,-152.4072,42.31,93,100,11.5
23,Baghdad,IQ,2022-11-08 17:33:57,33.3406,44.4009,67.91,52,0,8.05
24,Kaitangata,NZ,2022-11-08 17:33:45,-46.2817,169.8464,47.89,94,73,4.74
25,Kapaa,US,2022-11-08 17:33:03,22.0752,-159.319,78.1,83,75,14.97
26,Altay,CN,2022-11-08 17:33:57,47.8667,88.1167,40.51,88,100,3.49
27,Tuktoyaktuk,CA,2022-11-08 17:33:07,69.4541,-133.0374,14.0,67,100,12.66
28,Rio Gallegos,AR,2022-11-08 17:29:27,-51.6226,-69.2181,60.85,39,75,24.16
29,Mayo,US,2022-11-08 17:33:22,38.8876,-76.5119,60.51,48,0,12.66
30,Canton,CN,2022-11-08 17:30:34,23.1167,113.25,70.88,77,98,2.33
31,Abu Zabad,SD,2022-11-08 17:33:58,12.35,29.25,80.87,17,65,11.12
32,Cherskiy,RU,2022-11-08 17:33:58,68.75,161.3,-4.11,100,93,4.81
33,Jackson,US,2022-11-08 17:30:09,42.4165,-122.8345,39.79,94,100,1.01
34,San Lawrenz,MT,2022-11-08 17:33:59,36.0553,14.204,65.86,71,8,2.15
35,Souillac,MU,2022-11-08 17:33:59,-20.5167,57.5167,75.58,73,20,5.75
36,Carnarvon,AU,2022-11-08 17:33:20,-24.8667,113.6333,66.36,70,0,10.74
37,Qaqortoq,GL,2022-11-08 17:33:59,60.7167,-46.0333,21.11,68,29,9.13
38,Kahului,US,2022-11-08 17:32:45,20.8947,-156.47,79.84,72,20,14.97
39,Celestun,MX,2022-11-08 17:33:59,20.8667,-90.4,84.34,57,47,11.43
40,Thornaby,GB,2022-11-08 17:30:12,54.5333,-1.3,52.38,78,20,17.27
41,Guanare,VE,2022-11-08 17:34:00,9.0418,-69.7421,88.84,55,77,5.28
42,Vaini,TO,2022-11-08 17:34:00,-21.2,-175.2,73.56,83,75,9.22
43,Progreso,MX,2022-11-08 17:34:00,21.2833,-89.6667,86.11,58,28,13.42
44,Castro,BR,2022-11-08 17:34:01,-24.7911,-50.0119,69.82,42,68,5.5
45,Hilo,US,2022-11-08 17:31:49,19.7297,-155.09,77.61,90,75,3.44
46,Ahipara,NZ,2022-11-08 17:34:01,-35.1667,173.1667,57.52,94,27,4.27
47,Santa Marta,CO,2022-11-08 17:31:18,11.2408,-74.199,86.05,70,40,11.5
48,Mar Del Plata,AR,2022-11-08 17:30:07,-38.0023,-57.5575,79.83,57,0,13.8
49,Acari,PE,2022-11-08 17:35:02,-15.4311,-74.6158,79.43,46,31,10.6
50,Vila Velha,BR,2022-11-08 17:35:02,-20.3297,-40.2925,80.55,72,0,11.5
51,East London,ZA,2022-11-08 17:30:13,-33.0153,27.9116,65.34,94,75,2.3
52,Port Elizabeth,ZA,2022-11-08 17:35:03,-33.918,25.5701,66.09,82,0,5.75
53,Coihaique,CL,2022-11-08 17:35:03,-45.5752,-72.0662,65.01,52,75,8.05
54,Ilulissat,GL,2022-11-08 17:35:03,69.2167,-51.1,-11.87,81,23,6.55
55,Jamestown,US,2022-11-08 17:32:08,42.097,-79.2353,51.03,54,0,8.05
56,Butaritari,KI,2022-11-08 17:35:04,3.0707,172.7902,80.37,74,98,10.76
57,Peniche,PT,2022-11-08 17:35:05,39.3558,-9.3811,64.29,94,96,8.57
58,Halmstad,SE,2022-11-08 17:35:05,56.6745,12.8568,53.31,93,0,12.66
59,Mataura,NZ,2022-11-08 17:33:06,-46.1927,168.8643,45.97,98,60,2.57
60,Mogadishu,SO,2022-11-08 17:31:05,2.0371,45.3438,79.09,79,46,12.28
61,Opuwo,NA,2022-11-08 17:35:06,-18.0607,13.84,73.18,30,0,16.33
62,Nemuro,JP,2022-11-08 17:35:06,43.3236,145.575,46.76,69,3,16.75
63,Geraldton,AU,2022-11-08 17:35:06,-28.7667,114.6,61.21,77,75,5.75
64,Saint-Philippe,RE,2022-11-08 17:35:07,-21.3585,55.7679,72.99,80,67,10.07
65,Riyadh,SA,2022-11-08 17:31:19,24.6877,46.7219,84.34,17,0,8.57
66,Sayyan,YE,2022-11-08 17:35:07,15.1718,44.3244,58.66,44,1,1.81
67,Calderitas,MX,2022-11-08 17:35:07,18.55,-88.25,84.31,74,40,0.0
68,Bolgatanga,GH,2022-11-08 17:35:08,10.7856,-0.8514,85.91,21,51,4.99
69,Kavieng,PG,2022-11-08 17:35:08,-2.5744,150.7967,82.76,74,96,6.4
70,Eloy,US,2022-11-08 17:32:18,32.7559,-111.5548,73.85,27,1,5.35
71,Lompoc,US,2022-11-08 17:35:08,34.6391,-120.4579,58.89,88,100,17.27
72,Atherton,GB,2022-11-08 17:35:09,53.5237,-2.4935,51.35,88,100,5.01
73,Longyearbyen,SJ,2022-11-08 17:33:55,78.2186,15.6401,22.84,74,75,9.22
74,Klaksvik,FO,2022-11-08 17:35:09,62.2266,-6.589,47.32,91,100,15.26
75,Hithadhoo,MV,2022-11-08 17:35:09,-0.6,73.0833,81.37,79,89,15.97
76,Cape Town,ZA,2022-11-08 17:35:05,-33.9258,18.4232,66.61,63,40,14.97
77,San Patricio,US,2022-11-08 17:35:10,28.017,-97.5169,84.07,60,17,11.07
78,Ancud,CL,2022-11-08 17:33:56,-41.8697,-73.8203,60.96,76,91,7.85
79,Khatanga,RU,2022-11-08 17:35:10,71.9667,102.5,-12.69,99,100,7.4
80,Hualmay,PE,2022-11-08 17:35:10,-11.0964,-77.6139,69.3,71,26,9.82
81,Sur,OM,2022-11-08 17:35:11,22.5667,59.5289,83.16,57,75,8.79
82,Pevek,RU,2022-11-08 17:33:16,69.7008,170.3133,-7.73,100,84,4.63
83,Ponta Do Sol,PT,2022-11-08 17:35:11,32.6667,-17.1,75.0,80,92,6.98
84,Touros,BR,2022-11-08 17:35:11,-5.1989,-35.4608,84.52,58,59,12.95
85,Chokurdakh,RU,2022-11-08 17:34:56,70.6333,147.9167,-7.92,100,96,8.99
86,Urusha,RU,2022-11-08 17:35:12,54.05,122.9,14.07,83,52,5.53
87,Yinchuan,CN,2022-11-08 17:35:12,38.4681,106.2731,48.58,61,52,2.15
88,Salinopolis,BR,2022-11-08 17:35:12,-0.6136,-47.3561,77.22,85,100,4.34
89,Dalby,AU,2022-11-08 17:35:13,-27.1833,151.2667,56.1,79,1,9.44
90,Harper,LR,2022-11-08 17:35:13,4.375,-7.7169,79.99,78,77,9.15
91,Morros,BR,2022-11-08 17:35:13,-9.4467,-46.3003,86.76,47,100,7.56
92,Fairbanks,US,2022-11-08 17:35:07,64.8378,-147.7164,24.76,87,100,0.0
93,Bend,US,2022-11-08 17:31:34,44.0582,-121.3153,33.66,86,20,3.0
94,Saldanha,ZA,2022-11-08 17:36:14,-33.0117,17.9442,64.45,78,96,11.21
95,Chuy,UY,2022-11-08 17:36:14,-33.6971,-53.4616,67.73,57,0,12.37
96,Quatre Cocos,MU,2022-11-08 17:36:14,-20.2078,57.7625,75.31,70,65,11.45
97,Chernyshevskiy,RU,2022-11-08 17:36:15,63.0128,112.4714,9.23,96,95,5.06
98,Guerrero Negro,MX,2022-11-08 17:36:15,27.9769,-114.0611,70.61,62,15,10.09
99,Pasighat,IN,2022-11-08 17:36:15,28.0667,95.3333,64.94,78,2,2.82
100,Avarua,CK,2022-11-08 17:36:16,-21.2078,-159.775,71.65,68,13,3.44
101,Magadan,RU,2022-11-08 17:36:16,59.5667,150.8,10.0,84,98,6.76
102,Kutum,SD,2022-11-08 17:36:16,14.2,24.6667,74.12,19,0,9.73
103,Bambous Virieux,MU,2022-11-08 17:36:17,-20.3428,57.7575,75.45,73,20,5.75
104,Kruisfontein,ZA,2022-11-08 17:34:05,-34.0033,24.7314,63.88,81,95,2.04
105,Namibe,AO,2022-11-08 17:34:18,-15.1961,12.1522,69.15,78,1,14.29
106,Puerto Ayora,EC,2022-11-08 17:36:17,-0.7393,-90.3518,75.16,80,48,7.0
107,Vikarabad,IN,2022-11-08 17:36:17,17.3333,77.9,64.87,59,5,6.11
108,Hollister,US,2022-11-08 17:33:04,36.8525,-121.4016,51.08,93,75,6.91
109,San Felipe,VE,2022-11-08 17:36:18,10.3399,-68.7425,90.16,48,93,4.79
110,Doha,QA,2022-11-08 17:32:38,25.2867,51.5333,85.89,64,0,11.5
111,Faya,SA,2022-11-08 17:36:18,18.3851,42.4509,66.31,78,14,5.03
112,Virginia Beach,US,2022-11-08 17:35:54,36.8529,-75.978,60.03,62,40,21.85
113,Lakes Entrance,AU,2022-11-08 17:36:19,-37.8811,147.981,55.17,86,6,4.54
114,Saint George,US,2022-11-08 17:35:46,37.1041,-113.5841,63.79,43,75,10.36
115,La Rioja,ES,2022-11-08 17:36:19,42.25,-2.5,53.38,67,100,8.32
116,Sao Filipe,CV,2022-11-08 17:36:19,14.8961,-24.4956,79.57,64,98,12.17
117,Barrow,US,2022-11-08 17:34:31,71.2906,-156.7887,30.22,100,100,18.41
118,Togur,RU,2022-11-08 17:36:20,58.3631,82.8265,25.05,95,100,5.73
119,Jiangyou,CN,2022-11-08 17:36:20,31.7667,104.7167,61.09,89,100,2.64
120,Aklavik,CA,2022-11-08 17:36:20,68.2191,-135.0107,14.54,93,100,5.28
121,Tomatlan,MX,2022-11-08 17:33:48,19.9333,-105.25,84.61,59,0,4.83
122,Cayenne,GF,2022-11-08 17:36:21,4.9333,-52.3333,87.84,66,91,3.44
123,Bengkulu,ID,2022-11-08 17:36:21,-3.8004,102.2655,76.08,91,100,4.12
124,Gemena,CD,2022-11-08 17:36:21,3.25,19.7667,72.55,94,100,3.67
125,Pangnirtung,CA,2022-11-08 17:36:22,66.1451,-65.7125,12.2,62,75,3.44
126,Mount Gambier,AU,2022-11-08 17:36:22,-37.8333,140.7667,62.11,66,17,7.4
127,Lodingen,NO,2022-11-08 17:36:23,68.414,15.9951,33.75,75,3,7.05
128,Ewa Beach,US,2022-11-08 17:36:23,21.3156,-158.0072,77.59,74,40,13.8
129,Yadrin,RU,2022-11-08 17:36:23,55.9405,46.2062,36.97,88,100,12.1
130,Busselton,AU,2022-11-08 17:36:24,-33.65,115.3333,59.4,78,86,3.65
131,Matamoros,MX,2022-11-08 17:36:24,25.5333,-103.25,78.12,45,0,4.61
132,Port Blair,IN,2022-11-08 17:36:24,11.6667,92.75,80.64,83,75,5.75
133,Yumen,CN,2022-11-08 17:36:24,40.2833,97.2,38.1,34,10,5.06
134,Upernavik,GL,2022-11-08 17:35:14,72.7868,-56.1549,3.24,68,13,7.45
135,Changli,CN,2022-11-08 17:36:25,39.7042,119.1506,47.03,65,81,4.03
136,Sao Jose Da Coroa Grande,BR,2022-11-08 17:36:25,-8.8978,-35.1478,82.56,61,19,8.77
137,Los Llanos De Aridane,ES,2022-11-08 17:33:43,28.6585,-17.9182,72.12,67,75,6.91
138,Walvis Bay,NA,2022-11-08 17:35:15,-22.9575,14.5053,62.1,79,37,13.29
139,Port Hedland,AU,2022-11-08 17:36:25,-20.3167,118.5667,71.65,78,0,13.8
140,Nalut,LY,2022-11-08 17:37:26,30.3333,10.85,65.43,31,0,6.8
141,Samarai,PG,2022-11-08 17:37:26,-10.6167,150.6667,80.29,80,93,10.2
142,Weihai,CN,2022-11-08 17:37:28,37.5017,122.1136,54.82,88,62,8.16
143,Dombarovskiy,RU,2022-11-08 17:37:28,50.7587,59.5386,28.58,87,100,13.02
144,Yellowknife,CA,2022-11-08 17:37:28,62.456,-114.3525,7.32,85,100,5.75
145,Phibun Mangsahan,TH,2022-11-08 17:36:19,15.2447,105.2291,71.58,84,32,6.69
146,Saint-Georges,GD,2022-11-08 17:37:29,12.0564,-61.7485,80.28,89,40,6.91
147,Karratha,AU,2022-11-08 17:37:29,-20.7377,116.8463,70.93,54,0,17.22
148,Bridlington,GB,2022-11-08 17:37:29,54.0831,-0.1919,53.02,85,94,11.99
149,Tura,IN,2022-11-08 17:37:30,25.5198,90.2201,65.14,88,7,3.85
150,Lebu,CL,2022-11-08 17:37:30,-37.6167,-73.65,61.54,69,100,4.29
151,Mozarlandia,BR,2022-11-08 17:37:30,-14.7447,-50.5706,95.09,34,28,3.76
152,Itarema,BR,2022-11-08 17:37:00,-2.9248,-39.9167,85.33,54,100,16.08
153,Hasaki,JP,2022-11-08 17:37:30,35.7333,140.8333,49.21,54,1,7.76
154,Arraial Do Cabo,BR,2022-11-08 17:36:53,-22.9661,-42.0278,73.36,68,75,9.22
155,Leon,MX,2022-11-08 17:37:31,21.1167,-101.6667,78.15,46,0,1.99
156,Ostrovnoy,RU,2022-11-08 17:37:31,68.0531,39.5131,38.23,75,96,10.8
157,Saskylakh,RU,2022-11-08 17:33:47,71.9167,114.0833,-6.32,99,98,3.22
158,Huarmey,PE,2022-11-08 17:37:31,-10.0681,-78.1522,69.64,73,52,9.71
159,Tabuk,PH,2022-11-08 17:37:32,17.4189,121.4443,72.37,92,76,1.79
160,Tommot,RU,2022-11-08 17:37:32,58.9564,126.2925,18.19,95,100,5.99
161,Preobrazheniye,RU,2022-11-08 17:37:33,42.9019,133.9064,40.95,72,15,7.92
162,Ondjiva,AO,2022-11-08 17:33:52,-17.0667,15.7333,80.65,18,0,7.58
163,Birjand,IR,2022-11-08 17:37:34,32.8663,59.2211,48.67,49,20,6.91
164,Provideniya,RU,2022-11-08 17:37:34,64.3833,-173.3,29.44,95,100,17.9
165,Clyde River,CA,2022-11-08 17:37:34,70.4692,-68.5914,12.43,85,100,12.66
166,Grand Gaube,MU,2022-11-08 17:37:35,-20.0064,57.6608,75.6,69,74,7.0
167,Yar-Sale,RU,2022-11-08 17:37:35,66.8333,70.8333,13.6,96,99,7.0
168,Lufilufi,WS,2022-11-08 17:37:35,-13.8745,-171.5986,74.98,83,51,17.09
169,Kargasok,RU,2022-11-08 17:37:36,59.0556,80.8572,24.87,91,100,7.16
170,Hobyo,SO,2022-11-08 17:37:36,5.3505,48.5268,81.07,73,0,11.59
171,Palmer,US,2022-11-08 17:35:11,42.1584,-72.3287,55.45,29,20,16.11
172,Bethel,US,2022-11-08 17:34:33,41.3712,-73.414,56.19,40,0,12.66
173,Flinders,AU,2022-11-08 17:37:36,-34.5833,150.8552,60.39,82,5,7.0
174,Chumikan,RU,2022-11-08 17:37:37,54.7183,135.315,24.53,77,79,14.07
175,Sitka,US,2022-11-08 17:37:37,57.0531,-135.33,33.69,47,75,3.44
176,Lhokseumawe,ID,2022-11-08 17:37:37,5.1801,97.1507,78.06,84,98,3.74
177,Camacha,PT,2022-11-08 17:37:38,33.0833,-16.3333,69.22,78,40,8.05
178,Ulladulla,AU,2022-11-08 17:37:38,-35.35,150.4667,54.5,88,1,4.27
179,Airai,TL,2022-11-08 17:37:38,-8.9266,125.4092,62.71,84,100,1.34
180,Kasongo-Lunda,CD,2022-11-08 17:37:39,-6.4667,16.8167,72.03,95,100,1.07
181,Lagoa,PT,2022-11-08 17:37:39,39.05,-27.9833,64.8,81,80,19.22
182,Pochutla,MX,2022-11-08 17:37:39,15.7432,-96.4661,87.62,60,48,5.59
183,Norman Wells,CA,2022-11-08 17:37:40,65.282,-126.8329,3.24,78,75,3.44
184,Port-Cartier,CA,2022-11-08 17:33:57,50.0334,-66.8654,43.02,54,64,21.65
185,Kajaani,FI,2022-11-08 17:37:40,64.2273,27.7285,32.05,93,100,5.75
186,Ormara,PK,2022-11-08 17:37:40,25.2088,64.6357,79.16,61,3,1.99
187,Paraguacu Paulista,BR,2022-11-08 17:37:41,-22.4128,-50.5758,81.28,31,97,0.65
188,Xihe,CN,2022-11-08 17:38:41,31.6864,113.4659,63.48,52,90,2.42
189,Hobart,AU,2022-11-08 17:37:09,-42.8794,147.3294,57.06,84,88,4.61
190,Vestmannaeyjar,IS,2022-11-08 17:38:41,63.4427,-20.2734,43.79,75,100,13.8
191,Tuatapere,NZ,2022-11-08 17:38:42,-46.1333,167.6833,49.37,90,58,4.47
192,Amqui,CA,2022-11-08 17:37:42,48.4638,-67.4313,37.47,55,100,21.65
193,Narsaq,GL,2022-11-08 17:38:42,60.9167,-46.05,30.42,65,21,8.43
194,Seabra,BR,2022-11-08 17:38:43,-12.4186,-41.7703,80.94,45,100,7.29
195,Svetlogorsk,BY,2022-11-08 17:38:43,52.6333,29.7333,44.04,92,29,7.49
196,Ulety,RU,2022-11-08 17:38:43,51.3572,112.4849,21.4,83,67,5.48
197,Nikolsk,RU,2022-11-08 17:38:43,53.7189,46.0712,38.16,82,100,13.06
198,Mehtar Lam,AF,2022-11-08 17:38:44,34.6714,70.2094,62.6,53,100,5.97
199,Wysokie Mazowieckie,PL,2022-11-08 17:38:44,52.9166,22.5171,46.15,90,75,8.16
200,Kavaratti,IN,2022-11-08 17:38:44,10.5669,72.642,82.89,70,18,4.94
201,Minsk,BY,2022-11-08 17:36:13,53.9,27.5667,46.15,91,97,10.22
202,San Rafael Del Sur,NI,2022-11-08 17:38:45,11.8485,-86.4384,85.17,69,80,4.97
203,Kiunga,PG,2022-11-08 17:38:45,-6.1219,141.2906,73.26,100,100,1.74
204,Abilene,US,2022-11-08 17:34:12,32.4487,-99.7331,78.08,58,0,14.97
205,Kautokeino,NO,2022-11-08 17:38:45,69.0125,23.0412,25.21,93,99,3.33
206,Castanos,MX,2022-11-08 17:38:45,26.7833,-101.4167,73.35,74,70,9.42
207,Abu Kamal,SY,2022-11-08 17:38:46,34.4506,40.9171,65.44,40,57,8.48
208,Araouane,ML,2022-11-08 17:38:46,18.9048,-3.5265,79.56,10,1,3.87
209,Port Lincoln,AU,2022-11-08 17:38:46,-34.7333,135.8667,70.93,55,62,16.49
210,Medea,DZ,2022-11-08 17:38:48,36.2642,2.7539,63.03,36,94,4.21
211,Stuttgart,DE,2022-11-08 17:34:50,48.7823,9.177,57.65,82,0,2.3
212,Luvianos,MX,2022-11-08 17:38:48,18.9167,-100.4,75.72,52,11,3.44
213,Zyryanka,RU,2022-11-08 17:38:48,65.75,150.85,-23.76,100,97,2.68
214,Ugoofaaru,MV,2022-11-08 17:38:48,5.6667,73.0,80.6,78,23,11.21
215,Manokwari,ID,2022-11-08 17:38:49,-0.8667,134.0833,77.45,82,99,4.68
216,Catarama,EC,2022-11-08 17:38:49,-1.5833,-79.4667,92.32,40,51,3.18
217,Guilford,US,2022-11-08 17:38:50,36.0668,-79.7998,66.65,29,0,18.41
218,Nador,MA,2022-11-08 17:34:16,35.174,-2.9287,68.25,73,0,5.75
219,Ngerengere,TZ,2022-11-08 17:38:50,-6.75,38.1167,76.12,77,10,7.18
220,Thompson,CA,2022-11-08 17:38:50,55.7435,-97.8558,5.16,78,100,10.36
221,Exu,BR,2022-11-08 17:38:51,-7.5119,-39.7242,77.4,71,92,3.02
222,Miri,MY,2022-11-08 17:38:51,4.4148,114.0089,78.94,94,40,4.61
223,Brae,GB,2022-11-08 17:38:51,60.3964,-1.353,50.36,84,78,14.5
224,Horsham,GB,2022-11-08 17:38:52,51.064,-0.3272,57.92,85,20,9.22
225,Port Shepstone,ZA,2022-11-08 17:38:52,-30.7414,30.455,69.71,88,100,7.43
226,Pinega,RU,2022-11-08 17:38:52,64.7001,43.3936,33.49,99,100,2.08
227,Blythe,US,2022-11-08 17:38:53,33.6103,-114.5964,73.04,52,0,5.75
228,Beaufort,MY,2022-11-08 17:38:53,5.3473,115.7455,75.2,96,100,2.35
229,Shuangyang,CN,2022-11-08 17:38:53,43.5242,125.6736,42.46,57,1,14.0
230,Sinnamary,GF,2022-11-08 17:38:54,5.3833,-52.95,82.76,76,99,6.38
231,Neiafu,TO,2022-11-08 17:38:54,-18.65,-173.9833,75.88,83,40,6.91
232,Brus,RS,2022-11-08 17:38:54,43.3836,21.0336,50.36,83,5,2.93
233,Ziyang,CN,2022-11-08 17:38:55,29.2497,117.8547,63.88,69,26,3.85
234,Tupelo,US,2022-11-08 17:35:38,34.2576,-88.7034,82.22,57,0,5.75
235,Richards Bay,ZA,2022-11-08 17:39:55,-28.783,32.0377,70.56,94,100,1.83
236,Boshnyakovo,RU,2022-11-08 17:39:55,49.6333,142.1667,29.35,77,56,3.47
237,Lasa,IT,2022-11-08 17:39:56,46.6166,10.7002,47.28,74,64,1.81
238,Coahuayana,MX,2022-11-08 17:39:56,18.7333,-103.6833,86.99,64,16,4.52
239,Manado,ID,2022-11-08 17:39:56,1.487,124.8455,75.97,94,40,2.3
240,Whitianga,NZ,2022-11-08 17:39:57,-36.8333,175.7,59.61,97,100,12.19
241,Victoria Point,AU,2022-11-08 17:39:57,-27.5833,153.3,61.92,80,3,10.04
242,Avera,US,2022-11-08 17:39:58,33.194,-82.5271,78.39,30,0,16.02
243,Aykhal,RU,2022-11-08 17:39:58,66.0,111.5,7.63,96,100,7.25
244,Esperance,AU,2022-11-08 17:39:59,-33.8667,121.9,58.08,77,95,8.99
245,Road Town,VG,2022-11-08 17:39:59,18.4167,-64.6167,84.29,84,75,12.66
246,Rocha,UY,2022-11-08 17:39:59,-34.4833,-54.3333,69.58,52,0,12.39
247,Haines Junction,CA,2022-11-08 17:40:00,60.7522,-137.5108,4.95,78,99,1.14
248,Poum,NC,2022-11-08 17:40:00,-20.2333,164.0167,76.82,81,28,19.82
249,Sylvan Lake,CA,2022-11-08 17:40:00,52.3168,-114.0853,-2.65,87,100,4.61
250,Bardiyah,LY,2022-11-08 17:40:00,31.7561,25.0865,67.57,68,5,13.78
251,Uribia,CO,2022-11-08 17:40:01,11.7139,-72.266,86.49,62,100,3.56
252,Salalah,OM,2022-11-08 17:40:01,17.0151,54.0924,80.69,74,0,3.44
253,Inyonga,TZ,2022-11-08 17:40:01,-6.7167,32.0667,71.51,67,98,4.05
254,Mazurivka,UA,2022-11-08 17:40:02,49.2745,24.2123,46.99,83,27,4.05
255,Cabo San Lucas,MX,2022-11-08 17:36:55,22.8909,-109.9124,82.18,57,0,6.91
256,Tasiilaq,GL,2022-11-08 17:40:03,65.6145,-37.6368,30.36,88,100,4.88
257,Nantucket,US,2022-11-08 17:37:14,41.2835,-70.0995,55.54,52,0,21.85
258,Atuona,PF,2022-11-08 17:35:30,-9.8,-139.0333,76.98,70,96,15.59
259,Georgetown,MY,2022-11-08 17:40:03,5.4112,100.3354,81.23,90,20,0.0
260,Nicoya,CR,2022-11-08 17:40:04,10.1483,-85.452,81.39,80,94,2.24
261,Faanui,PF,2022-11-08 17:40:04,-16.4833,-151.75,78.06,74,86,11.88
262,Sovetskiy,RU,2022-11-08 17:40:04,61.3614,63.5842,26.19,98,94,4.65
263,Nikolskoye,RU,2022-11-08 17:40:05,59.7035,30.7861,48.09,90,100,9.89
264,Hamilton,US,2022-11-08 17:37:01,39.1834,-84.5333,60.6,44,0,11.5
265,Ust-Omchug,RU,2022-11-08 17:40:05,61.15,149.6333,-7.28,99,100,2.66
266,Senanga,ZM,2022-11-08 17:40:05,-16.1167,23.2667,72.48,72,92,4.21
267,Valparaiso,CL,2022-11-08 17:40:06,-33.0393,-71.6273,64.99,94,100,11.5
268,Te Anau,NZ,2022-11-08 17:40:06,-45.4167,167.7167,48.22,94,65,2.64
269,Nyaunglebin,MM,2022-11-08 17:40:06,17.95,96.7333,70.3,84,84,2.57
270,Jefferson City,US,2022-11-08 17:39:47,38.5767,-92.1735,63.7,38,0,5.99
271,Ylojarvi,FI,2022-11-08 17:40:07,61.5563,23.5961,35.94,100,100,3.44
272,Itaituba,BR,2022-11-08 17:40:07,-4.2761,-55.9836,84.36,74,75,4.61
273,Pine Bluff,US,2022-11-08 17:39:21,34.2284,-92.0032,69.73,68,40,4.61
274,Wladyslawowo,PL,2022-11-08 17:40:08,54.7909,18.4009,52.93,81,100,13.76
275,Turayf,SA,2022-11-08 17:40:08,31.6725,38.6637,62.85,67,40,6.91
276,Sohag,EG,2022-11-08 17:40:08,26.557,31.6948,73.69,44,74,6.22
277,Nicosia,CY,2022-11-08 17:41:09,35.1667,33.3667,61.32,77,20,3.44
278,Cibitoke,BI,2022-11-08 17:41:09,-2.8833,29.25,64.94,88,99,3.69
279,Epe,NG,2022-11-08 17:41:09,6.5841,3.9834,81.14,81,97,7.9
280,Tromso,NO,2022-11-08 17:41:10,69.6496,18.957,32.02,100,75,3.44
281,Bud,US,2022-11-08 17:41:10,39.447,-86.1758,59.76,48,86,12.73
282,Mushie,CD,2022-11-08 17:41:10,-3.0167,16.9,73.81,92,96,1.9
283,Half Moon Bay,US,2022-11-08 17:41:11,37.4636,-122.4286,51.58,95,100,11.5
284,Dong Hoi,VN,2022-11-08 17:41:11,17.4833,106.6,72.88,89,95,7.58
285,Mamallapuram,IN,2022-11-08 17:41:11,12.6264,80.1722,78.85,81,94,11.48
286,Kaeo,NZ,2022-11-08 17:41:12,-35.1,173.7833,61.32,95,57,5.97
287,Burns Lake,CA,2022-11-08 17:41:12,54.2331,-125.7533,-9.98,56,6,0.47
288,Abu Samrah,SY,2022-11-08 17:41:12,35.3029,37.1841,62.89,58,63,3.58
289,Ribeira Grande,PT,2022-11-08 17:40:36,38.5167,-28.7,68.4,73,40,16.11
290,Luderitz,NA,2022-11-08 17:41:13,-26.6481,15.1594,61.9,79,46,13.2
291,Yulara,AU,2022-11-08 17:41:13,-25.2406,130.9889,71.64,56,51,7.43
292,Hohhot,CN,2022-11-08 17:41:13,40.8106,111.6522,34.09,64,0,6.71
293,Kloulklubed,PW,2022-11-08 17:41:13,7.0419,134.2556,77.5,73,96,5.99
294,Luanda,AO,2022-11-08 17:38:30,-8.8368,13.2343,78.84,79,100,13.42
295,Songjianghe,CN,2022-11-08 17:41:14,42.1859,127.479,30.79,77,8,5.86
296,Guira De Melena,CU,2022-11-08 17:41:14,22.7906,-82.5053,82.92,57,58,15.99
297,Stykkisholmur,IS,2022-11-08 17:41:14,65.0757,-22.7297,38.28,87,100,13.06
298,Ponta Delgada,PT,2022-11-08 17:41:14,37.7333,-25.6667,67.5,68,20,18.41
299,Victoria,HK,2022-11-08 17:39:33,22.2855,114.1577,73.45,87,98,3.0
300,Hambantota,LK,2022-11-08 17:41:15,6.1241,81.1185,77.76,85,98,2.24
301,Alta Floresta,BR,2022-11-08 17:41:15,-9.8756,-56.0861,93.02,52,40,6.91
302,Krasnoselkup,RU,2022-11-08 17:41:15,65.7,82.4667,22.73,96,100,9.75
303,Okawa,JP,2022-11-08 17:41:16,33.2,130.35,50.0,58,0,3.2
304,Sile,TR,2022-11-08 17:41:16,41.1754,29.6133,56.57,58,97,6.44
305,Mirabad,AF,2022-11-08 17:41:16,30.4362,61.8383,55.85,51,60,15.64
306,La Ronge,CA,2022-11-08 17:41:16,55.1001,-105.2842,12.45,85,100,9.22
307,Dingzhou,CN,2022-11-08 17:41:17,38.5131,114.9956,50.11,37,89,1.3
308,Kamsack,CA,2022-11-08 17:41:17,51.5667,-101.9009,27.28,94,100,1.95
309,Angoche,MZ,2022-11-08 17:41:17,-16.2325,39.9086,78.87,75,0,18.16
310,Koszalin,PL,2022-11-08 17:41:18,54.1944,16.1722,53.15,80,100,13.27
311,Zhigansk,RU,2022-11-08 17:41:18,66.7697,123.3711,-12.46,96,95,8.86
312,Hofn,IS,2022-11-08 17:41:18,64.2539,-15.2082,41.67,88,100,25.59
313,Port Augusta,AU,2022-11-08 17:41:19,-32.5,137.7667,75.52,30,77,8.95
314,Fukue,JP,2022-11-08 17:41:19,32.6881,128.8419,64.13,49,0,6.38
315,Puerto Del Rosario,ES,2022-11-08 17:41:19,28.5004,-13.8627,73.15,78,0,13.8
316,Burriana,ES,2022-11-08 17:41:20,39.889,-0.085,73.67,50,92,8.21
317,Peleduy,RU,2022-11-08 17:41:20,59.6289,112.7406,20.71,94,100,9.08
318,Yacopi,CO,2022-11-08 17:39:42,5.4595,-74.3382,71.94,76,98,3.11
319,Ulaangom,MN,2022-11-08 17:41:21,49.9811,92.0667,27.54,81,100,1.19
320,Mana,GF,2022-11-08 17:41:21,5.6592,-53.7767,81.93,81,91,4.38
321,Margate,GB,2022-11-08 17:39:42,51.3813,1.3862,55.31,89,100,7.0
322,Anadyr,RU,2022-11-08 17:41:22,64.75,177.4833,21.7,93,75,15.66
323,Antalaha,MG,2022-11-08 17:42:22,-14.9003,50.2788,70.11,87,35,5.46
324,Neropolis,BR,2022-11-08 17:42:23,-16.4064,-49.2186,84.22,56,61,5.68
325,Madrid,ES,2022-11-08 17:37:46,40.4165,-3.7026,62.02,74,40,9.22
326,Santiago Del Estero,AR,2022-11-08 17:42:23,-27.7951,-64.2615,95.13,20,51,13.65
327,Bubaque,GW,2022-11-08 17:42:24,11.2833,-15.8333,83.77,57,95,10.18
328,Santa Maria,BR,2022-11-08 17:41:06,-29.6842,-53.8069,72.7,49,75,13.8
329,Padang,ID,2022-11-08 17:37:53,-0.9492,100.3543,76.57,86,100,2.91
330,Hami,CN,2022-11-08 17:42:24,42.8,93.45,47.03,30,17,6.31
331,Kuopio,FI,2022-11-08 17:42:25,62.8924,27.677,33.75,100,100,13.8
332,Tevaitoa,PF,2022-11-08 17:42:25,-16.7833,-151.5,77.72,71,79,9.69
333,Nanortalik,GL,2022-11-08 17:42:25,60.1432,-45.2371,30.76,77,58,9.28
334,Naryan-Mar,RU,2022-11-08 17:42:26,67.6713,53.087,31.64,99,100,1.66
335,Swan Hill,AU,2022-11-08 17:42:26,-35.3378,143.5544,62.13,69,1,7.36
336,Ambon,ID,2022-11-08 17:42:26,-3.6954,128.1814,78.94,15,40,2.3
337,Cidreira,BR,2022-11-08 17:42:26,-30.1811,-50.2056,60.91,91,100,6.78
338,Windsor,CA,2022-11-08 17:39:24,42.3001,-83.0165,54.1,63,0,11.5
339,Tottori,JP,2022-11-08 17:42:27,35.5,134.2333,52.34,82,8,5.68
340,Namatanai,PG,2022-11-08 17:42:27,-3.6667,152.4333,80.31,80,99,4.27
341,Beloha,MG,2022-11-08 17:42:28,-25.1667,45.05,76.82,66,7,7.94
342,Katsuura,JP,2022-11-08 17:42:28,35.1333,140.3,58.84,67,28,5.57
343,Aldan,RU,2022-11-08 17:42:28,58.6031,125.3894,14.23,96,100,4.45
344,Abu Dhabi,AE,2022-11-08 17:38:47,24.4667,54.3667,84.31,61,0,4.61
345,Leningradskiy,RU,2022-11-08 17:40:02,69.3833,178.4167,18.48,89,100,24.85
346,Susanville,US,2022-11-08 17:40:27,40.4163,-120.653,34.81,94,75,1.01
347,Bambanglipuro,ID,2022-11-08 17:42:29,-7.95,110.2833,76.21,88,100,1.43
348,Durusu,TR,2022-11-08 17:42:29,41.3053,28.6767,58.84,72,96,10.0
349,Kibaya,TZ,2022-11-08 17:42:29,-5.3,36.5667,69.13,51,41,10.11
350,Playas,EC,2022-11-08 17:42:30,-2.6333,-80.3833,72.54,75,78,13.67
351,Pisco,PE,2022-11-08 17:42:30,-13.7,-76.2167,66.25,77,20,11.5
352,Deputatskiy,RU,2022-11-08 17:40:15,69.3,139.9,-12.44,95,100,5.86
353,Copiapo,CL,2022-11-08 17:42:30,-27.3667,-70.3333,58.69,37,96,8.21
354,Den Helder,NL,2022-11-08 17:41:59,52.9599,4.7593,55.98,83,100,25.99
355,Shingu,JP,2022-11-08 17:42:31,33.7333,135.9833,52.21,78,0,6.24
356,Muros,ES,2022-11-08 17:42:31,42.7762,-9.0603,62.1,77,99,15.17
357,Rio Grande,BR,2022-11-08 17:41:51,-32.035,-52.0986,75.31,60,7,14.29
358,Cartagena,CO,2022-11-08 17:42:31,10.3997,-75.5144,77.92,88,100,8.68
359,Constitucion,CL,2022-11-08 17:42:32,-35.3333,-72.4167,59.54,74,100,5.95
360,Nha Trang,VN,2022-11-08 17:42:32,12.25,109.1833,78.8,91,80,6.58
361,Dongsheng,CN,2022-11-08 17:42:33,39.8161,109.9776,42.04,91,99,10.42
362,Port Hardy,CA,2022-11-08 17:42:33,50.6996,-127.4199,32.18,51,20,20.71
363,Batagay-Alyta,RU,2022-11-08 17:40:05,67.8006,130.4114,-1.5,98,100,1.1
364,Ucluelet,CA,2022-11-08 17:40:35,48.9329,-125.5528,41.31,86,33,7.23
365,Maues,BR,2022-11-08 17:42:33,-3.3836,-57.7186,92.39,43,94,4.94
366,Bogorodskoye,RU,2022-11-08 17:42:34,56.55,37.8833,39.29,93,100,10.98
367,Vila,PT,2022-11-08 17:42:34,42.0304,-8.1588,49.08,85,83,5.57
368,Zhigalovo,RU,2022-11-08 17:42:34,54.8097,105.1578,13.44,98,75,2.39
369,Wattegama,LK,2022-11-08 17:39:40,6.7989,81.4808,73.98,92,99,3.18
370,Teocuitatlan De Corona,MX,2022-11-08 17:43:35,20.1167,-103.4,77.27,47,0,4.83
371,Swellendam,ZA,2022-11-08 17:43:36,-34.0226,20.4417,64.17,68,76,8.81
372,Veraval,IN,2022-11-08 17:43:36,20.9,70.3667,77.77,60,0,9.64
373,Puri,IN,2022-11-08 17:43:36,19.8,85.85,75.72,64,5,4.52
374,Kawalu,ID,2022-11-08 17:43:36,-7.3817,108.2082,72.41,97,100,0.29
375,Karaj,IR,2022-11-08 17:43:37,35.8355,51.0103,48.72,53,40,6.91
376,Tikrit,IQ,2022-11-08 17:43:37,34.6071,43.6782,67.26,26,94,7.38
377,Omboue,GA,2022-11-08 17:43:38,-1.5746,9.2618,76.15,93,100,7.96
378,Asau,RO,2022-11-08 17:43:38,46.4333,26.4,43.72,85,65,2.84
379,Springdale,US,2022-11-08 17:43:38,36.1867,-94.1288,74.93,80,75,8.05
380,Srednekolymsk,RU,2022-11-08 17:43:39,67.45,153.6833,-16.51,100,99,8.16
381,Fortuna,US,2022-11-08 17:43:39,40.5982,-124.1573,45.66,96,40,3.44
382,Tautira,PF,2022-11-08 17:43:39,-17.7333,-149.15,75.96,82,53,7.23
383,Esmeraldas,BR,2022-11-08 17:43:40,-19.7625,-44.3139,84.31,57,73,7.34
384,Laguna,US,2022-11-08 17:43:40,38.421,-121.4238,48.76,94,100,11.5
385,Vanimo,PG,2022-11-08 17:43:41,-2.6741,141.3028,77.65,88,100,3.18
386,Na Wa,TH,2022-11-08 17:43:41,17.4897,104.1006,64.33,74,23,4.54
387,Darnah,LY,2022-11-08 17:43:41,32.767,22.6367,67.69,72,0,12.95
388,Mnogovershinnyy,RU,2022-11-08 17:42:30,53.9353,139.9242,11.84,91,27,4.79
389,Arona,ES,2022-11-08 17:42:51,28.0996,-16.681,68.52,80,20,14.97
390,Baykit,RU,2022-11-08 17:43:42,61.67,96.37,18.68,95,100,4.76
391,Borba,BR,2022-11-08 17:43:42,-4.3878,-59.5939,93.11,45,94,2.04
392,Buala,SB,2022-11-08 17:43:43,-8.145,159.5921,78.93,81,100,4.07
393,Dezhou,CN,2022-11-08 17:43:43,37.4486,116.2925,54.84,63,100,5.48
394,Kidal,ML,2022-11-08 17:43:43,18.4411,1.4078,80.04,10,0,10.25
395,Nishihara,JP,2022-11-08 17:43:44,26.1842,127.7558,74.48,83,40,12.66
396,College,US,2022-11-08 17:43:44,64.8569,-147.8028,24.75,86,100,0.0
397,Cartersville,US,2022-11-08 17:43:44,34.1651,-84.7999,80.47,53,0,8.05
398,Okhotsk,RU,2022-11-08 17:43:45,59.3833,143.3,1.92,74,0,18.75
399,Husavik,IS,2022-11-08 17:43:45,66.0449,-17.3389,39.94,94,99,15.14
400,Poya,NC,2022-11-08 17:43:45,-21.35,165.15,72.63,92,67,8.81
401,Ripon,GB,2022-11-08 17:43:46,54.1352,-1.5212,52.29,78,100,17.27
402,Maxixe,MZ,2022-11-08 17:43:46,-23.8597,35.3472,78.3,82,99,12.48
403,Leshukonskoye,RU,2022-11-08 17:43:46,64.8989,45.7622,32.56,99,100,1.23
404,Chateaubelair,VC,2022-11-08 17:43:47,13.2833,-61.25,82.92,84,40,8.05
405,Qinzhou,CN,2022-11-08 17:43:47,21.95,108.6167,70.36,88,6,1.74
406,Dunedin,NZ,2022-11-08 17:42:57,-45.8742,170.5036,52.12,84,19,3.91
407,Rokytne,UA,2022-11-08 17:43:47,51.2796,27.214,45.09,92,45,5.61
408,Coquimbo,CL,2022-11-08 17:43:48,-29.9533,-71.3436,58.73,88,100,10.36
409,Kungurtug,RU,2022-11-08 17:43:48,50.5994,97.5228,26.67,82,100,2.01
410,Trairi,BR,2022-11-08 17:39:03,-3.2778,-39.2689,85.41,52,97,13.22
411,Waw,SS,2022-11-08 17:43:49,7.7029,27.9953,78.37,67,98,11.72
412,Mutoko,ZW,2022-11-08 17:43:49,-17.397,32.2268,66.2,76,100,10.47
413,Paamiut,GL,2022-11-08 17:44:50,61.994,-49.6678,15.85,59,40,6.82
414,Aksarka,RU,2022-11-08 17:44:50,66.5606,67.7975,17.67,97,100,1.5
415,Dudinka,RU,2022-11-08 17:44:51,69.4058,86.1778,-22.99,100,87,3.13
416,Lavrentiya,RU,2022-11-08 17:39:53,65.5833,-171.0,26.17,94,100,11.52
417,Khorinsk,RU,2022-11-08 17:44:51,52.1657,109.7726,18.3,86,19,4.09
418,Talara,PE,2022-11-08 17:44:51,-4.5772,-81.2719,72.36,68,0,12.66
419,Balikpapan,ID,2022-11-08 17:44:52,-1.2675,116.8289,72.59,100,75,5.75
420,Pocola,US,2022-11-08 17:44:52,35.2312,-94.478,69.06,75,100,10.36
421,Bilibino,RU,2022-11-08 17:44:52,68.0546,166.4372,-7.87,91,18,4.5
422,Mahibadhoo,MV,2022-11-08 17:44:53,3.7833,72.9667,80.91,76,79,13.2
423,Watrous,CA,2022-11-08 17:44:53,51.6668,-105.4679,22.78,93,100,6.91
424,Mehamn,NO,2022-11-08 17:44:53,71.0357,27.8492,33.71,100,0,6.91
425,Puerto Leguizamo,CO,2022-11-08 17:44:53,-0.1934,-74.7819,91.78,48,57,1.99
426,Vila Franca Do Campo,PT,2022-11-08 17:44:54,37.7167,-25.4333,67.19,74,50,7.38
427,Shunyi,CN,2022-11-08 17:40:10,40.125,116.6453,35.55,87,0,2.24
428,Caravelas,BR,2022-11-08 17:44:55,-17.7125,-39.2481,77.29,59,100,7.72
429,Iqaluit,CA,2022-11-08 17:44:55,63.7506,-68.5145,15.53,72,75,3.44
430,Aransas Pass,US,2022-11-08 17:44:55,27.9095,-97.15,85.06,77,75,13.8
431,Bertoua,CM,2022-11-08 17:44:56,4.5833,13.6833,73.67,73,81,2.46
432,Diego De Almagro,CL,2022-11-08 17:44:56,-26.3667,-70.05,78.57,22,57,12.3
433,Mpika,ZM,2022-11-08 17:44:56,-11.8343,31.4529,67.62,71,90,2.77
434,Tazovskiy,RU,2022-11-08 17:40:43,67.4667,78.7,6.31,94,100,10.4
435,Davila,PH,2022-11-08 17:44:58,18.4726,120.5763,79.11,83,93,10.65
436,Karaton,ID,2022-11-08 17:44:59,-6.3424,106.1045,73.8,93,100,2.95
437,Coaticook,CA,2022-11-08 17:44:59,45.1334,-71.7991,38.97,51,8,14.27
438,Urambo,TZ,2022-11-08 17:44:59,-5.0667,32.05,69.37,80,95,4.56
439,Ballarat,AU,2022-11-08 17:42:54,-37.5662,143.8496,59.58,76,20,1.99
440,Jacareacanga,BR,2022-11-08 17:45:00,-6.2222,-57.7528,93.18,41,99,1.83
441,Mathbaria,BD,2022-11-08 17:45:00,22.2876,89.9593,68.94,75,5,3.29
442,Ulagan,RU,2022-11-08 17:45:00,50.6321,87.9563,32.27,97,100,1.43
443,Dinard,FR,2022-11-08 17:45:00,48.6314,-2.0614,55.78,84,76,14.97
444,Kinablangan,PH,2022-11-08 17:45:01,7.6947,126.5503,78.94,84,67,4.63
445,Agra,IN,2022-11-08 17:43:10,27.1833,78.0167,70.88,67,20,8.99
446,Olafsvik,IS,2022-11-08 17:45:02,64.8945,-23.7142,41.25,81,100,21.63
447,Zalantun,CN,2022-11-08 17:45:03,48.0,122.7167,32.95,51,74,3.44
448,Ouallam,NE,2022-11-08 17:45:05,14.3188,2.0866,85.68,11,14,8.37
449,Kaman,IN,2022-11-08 17:45:05,27.65,77.2667,73.15,52,73,5.48
450,Tabriz,IR,2022-11-08 17:40:19,38.08,46.2919,49.46,46,20,6.91
451,Tonj,SS,2022-11-08 17:45:06,7.2737,28.6822,72.03,84,99,9.82
452,Derzhavinsk,KZ,2022-11-08 17:45:06,51.1,66.3167,28.47,96,100,12.46
453,Paracatu,BR,2022-11-08 17:45:06,-17.2222,-46.8747,81.82,48,38,4.79
454,Peterhead,GB,2022-11-08 17:45:07,57.5058,-1.7981,52.2,83,96,22.03
455,Bjornevatn,NO,2022-11-08 17:46:09,69.6672,29.9847,33.42,100,75,3.44
456,Santa Margherita Ligure,IT,2022-11-08 17:46:10,44.3346,9.212,67.84,81,79,1.01
457,Sakakah,SA,2022-11-08 17:46:10,29.9697,40.2064,67.57,34,0,3.6
458,Katobu,ID,2022-11-08 17:46:10,-4.9408,122.5276,75.09,90,83,1.95
459,Vilyuysk,RU,2022-11-08 17:46:11,63.7553,121.6247,-16.53,97,83,3.38
460,Calabozo,VE,2022-11-08 17:46:11,8.9242,-67.4293,91.13,50,83,2.26
461,Alugan,PH,2022-11-08 17:46:12,12.2188,125.4808,80.8,87,60,8.55
462,Kenai,US,2022-11-08 17:46:12,60.5544,-151.2583,33.85,95,100,9.22
463,Stettler,CA,2022-11-08 17:45:36,52.3168,-112.7186,-0.26,100,93,6.91
464,Iracoubo,GF,2022-11-08 17:46:13,5.4802,-53.2011,80.92,81,95,2.66
465,Bollnas,SE,2022-11-08 17:46:13,61.3482,16.3946,41.65,98,100,5.59
466,Isla Mujeres,MX,2022-11-08 17:46:13,21.2311,-86.731,82.45,62,15,11.34
467,Pergamino,AR,2022-11-08 17:46:14,-33.89,-60.5736,84.18,13,44,12.93
468,Sabha,LY,2022-11-08 17:46:14,27.0377,14.4283,65.62,40,0,6.93
469,Kazachinskoye,RU,2022-11-08 17:46:15,57.6953,93.2761,25.7,93,100,2.24
470,Thabazimbi,ZA,2022-11-08 17:46:15,-24.5917,27.4116,67.21,57,23,2.06
471,Sioux Lookout,CA,2022-11-08 17:43:36,50.1001,-91.917,33.87,80,100,11.5
472,Lahat,ID,2022-11-08 17:46:15,-3.8,103.5333,73.06,98,100,2.39
473,Lebork,PL,2022-11-08 17:46:16,54.5392,17.7501,52.92,91,99,11.45
474,Betioky,MG,2022-11-08 17:46:17,-23.7167,44.3833,72.61,69,75,2.66
475,Tabou,CI,2022-11-08 17:46:17,4.423,-7.3528,80.11,77,64,9.08
476,Sukumo,JP,2022-11-08 17:46:17,32.9333,132.7333,53.73,68,0,3.96
477,Steinbach,DE,2022-11-08 17:45:38,50.1667,8.5667,57.02,79,0,3.44
478,Vardo,NO,2022-11-08 17:46:18,70.3705,31.1107,39.18,81,75,11.5
479,Rapid City,US,2022-11-08 17:46:18,44.0805,-103.231,59.72,57,0,17.27
480,Kiruna,SE,2022-11-08 17:46:19,67.8557,20.2251,25.72,93,100,4.61
481,Isangel,VU,2022-11-08 17:46:19,-19.55,169.2667,77.54,85,97,8.46
482,Japura,ID,2022-11-08 17:46:19,-0.3167,102.35,73.6,99,100,1.88
483,Hanzhong,CN,2022-11-08 17:46:20,33.0728,107.0303,56.35,92,98,2.17
484,Tekeli,KZ,2022-11-08 17:46:20,44.83,78.8239,29.28,93,100,1.7
485,Codrington,AU,2022-11-08 17:46:21,-38.2667,141.9667,59.76,80,15,8.37
486,Korla,CN,2022-11-08 17:41:36,41.7597,86.1469,47.53,42,40,6.11
487,San Quintin,MX,2022-11-08 17:46:22,30.4833,-115.95,66.76,71,5,4.29
488,Kamenka,RU,2022-11-08 17:46:22,51.3223,42.7678,36.88,73,100,9.33
489,Gainesville,US,2022-11-08 17:42:52,29.6516,-82.3248,84.07,56,20,19.57
490,Champerico,GT,2022-11-08 17:46:23,14.3,-91.9167,82.94,73,98,6.76
491,Berdavan,AM,2022-11-08 17:46:23,41.205,44.9997,40.39,76,79,2.75
492,Itoman,JP,2022-11-08 17:46:24,26.1247,127.6694,75.22,81,40,12.66
493,Marsh Harbour,BS,2022-11-08 17:46:24,26.5412,-77.0636,76.89,80,94,29.53
494,Pula,HR,2022-11-08 17:46:24,44.8683,13.8481,50.56,81,0,4.61
495,Gizo,SB,2022-11-08 17:46:25,-8.103,156.8419,82.45,75,89,8.21
496,Moron,AR,2022-11-08 17:46:25,-34.6534,-58.6198,83.01,43,2,10.04
497,Namikupa,TZ,2022-11-08 17:46:25,-10.8333,39.6,70.86,86,15,7.11
498,Rakke,EE,2022-11-08 17:46:26,58.9817,26.2544,45.14,88,97,7.27
499,Kirovsk,UA,2022-11-08 17:46:26,48.6375,38.6428,38.32,84,52,4.14
500,Yerbogachen,RU,2022-11-08 17:46:27,61.2767,108.0108,12.94,93,99,9.31
501,Potamia,GR,2022-11-08 17:46:27,40.7163,24.7286,59.65,65,6,2.75
502,Ibaiti,BR,2022-11-08 17:46:28,-23.8486,-50.1878,72.16,44,83,2.44
503,Dhidhdhoo,MV,2022-11-08 17:46:28,6.8833,73.1,81.84,74,8,8.41
504,Turukhansk,RU,2022-11-08 17:47:28,65.8167,87.9833,21.61,96,100,13.13
505,Darhan,MN,2022-11-08 17:47:29,49.4867,105.9228,28.27,80,86,5.35
506,Vangaindrano,MG,2022-11-08 17:47:29,-23.35,47.6,73.53,86,96,8.57
507,Yevlax,AZ,2022-11-08 17:47:30,40.6089,47.1492,42.78,81,0,2.3
508,Lata,PT,2022-11-08 17:47:30,40.1629,-8.3327,61.07,95,100,1.95
509,Doka,SD,2022-11-08 17:47:30,13.5167,35.7667,84.38,28,66,7.27
510,Mersing,MY,2022-11-08 17:47:31,2.4312,103.8405,75.11,94,20,3.44
511,Uvat,RU,2022-11-08 17:47:31,59.1433,68.8953,28.6,97,100,6.58
512,Myitkyina,MM,2022-11-08 17:47:32,25.3833,97.4,65.14,82,0,1.9
513,Mala Vyska,UA,2022-11-08 17:47:32,48.6431,31.6366,44.53,65,89,4.68
514,Praia,CV,2022-11-08 17:47:32,14.9215,-23.5087,84.74,51,0,14.97
515,Iralaya,HN,2022-11-08 17:47:33,15.0,-83.2333,81.5,79,18,13.18
516,Tombouctou,ML,2022-11-08 17:47:33,20.0,-3.0,75.94,11,0,2.53
517,Sechura,PE,2022-11-08 17:47:34,-5.5569,-80.8222,75.2,61,73,15.14
518,Jalu,LY,2022-11-08 17:47:34,29.0331,21.5482,68.85,55,3,6.89
519,Ponta Pora,BR,2022-11-08 17:47:34,-22.5361,-55.7256,85.91,35,20,6.91
520,Zabid,YE,2022-11-08 17:47:35,14.1951,43.3152,83.43,60,3,11.34
521,Nong Han,TH,2022-11-08 17:47:36,17.3608,103.1053,66.15,75,7,5.99
522,Manta,EC,2022-11-08 17:47:36,-0.95,-80.7333,76.78,78,75,8.05
523,Udachnyy,RU,2022-11-08 17:47:36,66.4167,112.4,-0.29,98,98,4.34
524,Anapskaya,RU,2022-11-08 17:47:37,44.89,37.38,43.03,81,40,13.42
525,Roma,US,2022-11-08 17:44:04,43.2128,-75.4557,49.37,41,0,9.22
526,Krabi,TH,2022-11-08 17:47:03,8.0726,98.9105,75.4,94,20,3.44
527,Nome,US,2022-11-08 17:47:37,64.5011,-165.4064,37.47,76,100,23.02
528,Ossora,RU,2022-11-08 17:47:38,59.2353,163.0719,21.33,76,45,8.5
529,Akyab,MM,2022-11-08 17:47:38,20.15,92.9,74.82,82,53,8.9
530,Brownsville,US,2022-11-08 17:47:38,25.9018,-97.4975,87.1,71,75,12.66
531,Ayan,RU,2022-11-08 17:47:39,56.45,138.1667,17.51,57,88,5.61
532,Taiyuan,CN,2022-11-08 17:47:39,37.8694,112.5603,48.06,87,100,0.0
533,Maine-Soroa,NE,2022-11-08 17:47:40,13.2114,12.0241,85.5,18,6,9.71
534,Port Macquarie,AU,2022-11-08 17:47:40,-31.4333,152.9167,57.88,70,62,0.31
535,Juruti,BR,2022-11-08 17:47:40,-2.1522,-56.0922,79.25,74,100,2.68
536,Sarangani,PH,2022-11-08 17:47:41,5.4033,125.4636,81.86,75,100,3.0
537,Meulaboh,ID,2022-11-08 17:47:41,4.1363,96.1285,75.24,93,100,5.82
538,Cairns,AU,2022-11-08 17:43:52,-16.9167,145.7667,76.95,84,40,6.91
539,Khandyga,RU,2022-11-08 17:47:42,62.6667,135.6,-31.97,99,25,2.55
540,Chokwe,MZ,2022-11-08 17:47:42,-24.5333,32.9833,81.95,58,86,6.58
541,Alofi,NU,2022-11-08 17:47:37,-19.0595,-169.9187,71.49,94,64,5.75
542,Straumen,NO,2022-11-08 17:45:03,63.8709,11.2999,39.2,77,24,10.13
543,Ust-Maya,RU,2022-11-08 17:47:42,60.4167,134.5333,-18.04,100,92,1.74
544,Hanyang,CN,2022-11-08 17:47:43,32.1371,105.5126,56.3,95,100,1.21
545,Kimbe,PG,2022-11-08 17:47:43,-5.5502,150.1429,75.16,95,100,1.66
546,Vidim,RU,2022-11-08 17:47:43,56.4088,103.1106,12.18,99,74,1.81
547,Vostok,RU,2022-11-08 17:47:44,46.4856,135.8833,24.13,80,11,4.97
548,Eydhafushi,MV,2022-11-08 17:47:44,5.1033,73.0708,80.28,79,26,11.27
549,Chalus,IR,2022-11-08 17:48:44,36.655,51.4204,51.26,93,75,2.3
550,Bilma,NE,2022-11-08 17:48:45,18.6853,12.9164,78.21,16,7,8.39
551,Qasigiannguit,GL,2022-11-08 17:48:45,68.8193,-51.1922,-9.87,86,12,5.66
552,Sulangan,PH,2022-11-08 17:48:45,11.1373,123.7228,82.9,80,92,10.6
553,Bolton,GB,2022-11-08 17:45:42,53.5833,-2.4333,51.39,89,100,5.99
554,San Roque,ES,2022-11-08 17:48:46,36.2107,-5.3842,68.83,68,0,6.91
555,Kirakira,SB,2022-11-08 17:48:46,-10.4544,161.9205,79.0,84,43,4.68
